idx,iso_utc,iso_ct,t,ticker,asset,side,price,mid,fairValue,edgeCents,yesBid,yesAsk,inventoryBefore,inventory,scenarioId,reason,centerMode,captureCents,realizedDelta,cashAfter,minutesLeft,fillSize,spot,strike,queueAhead,source,spread,fv_vs_mid_cents,price_vs_mid_cents,is_open_increase
1,2026-09-24T00:40:30.163Z,2026-09-23 19:40:30.163 CT,1790210430163,KXXRP15M-26SEP232045-45,XRP,buy_yes,0.48,0.475,0.48666574563071563,-0.8334254369284366,0.48,0.52,0,1,house_mid,taker_cross,mid,0,0,99.52,4.504283333333333,1,1.5036,1.5037,,ui,4.0,1.1666,0.5,True
2,2026-09-24T00:40:33.223Z,2026-09-23 19:40:33.223 CT,1790210433223,KXNEAR15M-26SEP232045-45,NEAR,buy_yes,0.87,0.87,0.99,10.499999999999998,0.87,0.91,0,1,house_mid,mid_walk,mid,0,0,99.13,4.453033333333333,1,4.35,4.3088,,ui,4.0,12.0,0.0,True
3,2026-09-24T00:40:35.264Z,2026-09-23 19:40:35.264 CT,1790210435264,KXXRP15M-26SEP232045-45,XRP,sell_yes,0.49,0.485,0.4865213743959328,2.1521374395932824,0.44,0.49,1,0,house_cover,book_depth,mid,1.0000000000000009,0.010000000000000009,100.00999999999999,4.418816666666666,1,1.5036,1.5037,0,ui,5.0,0.1521,0.5,False
4,2026-09-24T00:40:37.234Z,2026-09-23 19:40:37.234 CT,1790210437234,KXBNB15M-26SEP232045-45,BNB,sell_yes,0.14,0.14500000000000002,0.37334033481272844,24.834033481272844,0.11,0.14,0,-1,house_mid,taker_cross,mid,0,0,100.14,4.384633333333333,1,768.02,768.52,,ui,3.0,22.834,-0.5,True
5,2026-09-24T00:40:40.203Z,2026-09-23 19:40:40.203 CT,1790210440203,KXNEAR15M-26SEP232045-45,NEAR,sell_yes,0.93,0.9175,0.99,7.399999999999995,0.89,0.93,1,0,house_cover,book_depth,mid,6.000000000000005,0.06000000000000005,100.06,4.34175,1,4.35,4.3088,0,ui,4.0,7.25,1.25,False
6,2026-09-24T00:40:51.263Z,2026-09-23 19:40:51.263 CT,1790210451263,KXNEAR15M-26SEP232045-45,NEAR,sell_yes,0.95,0.925,0.99,6.499999999999995,0.9,0.95,0,-1,house_mid,book_depth,mid,0,0,101.01,4.153033333333333,1,4.35,4.3088,0,ui,5.0,6.5,2.5,True
7,2026-09-24T00:41:13.372Z,2026-09-23 19:41:13.372 CT,1790210473372,KXNEAR15M-26SEP232045-45,NEAR,buy_yes,0.89,0.905,0.99,7.9999999999999964,0.89,0.93,-1,0,flatten,book_depth,mid,5.999999999999995,0.05999999999999994,100.12,3.7850333333333332,1,4.35,4.3088,0,ui,4.0,8.5,-1.5,False
8,2026-09-24T00:43:00.798Z,2026-09-23 19:43:00.798 CT,1790210580798,KXBNB15M-26SEP232045-45,BNB,buy_yes,0.15,0.14,0.3163744589124787,17.137445891247864,0.15,0.17,-1,0,flatten,taker_cross,mid,-0.9999999999999981,-0.009999999999999981,99.99,1.9966666666666666,1,768.02,768.52,,ui,2.0,17.6374,1.0,False
9,2026-09-24T00:45:34.456Z,2026-09-23 19:45:34.456 CT,1790210734456,KXZEC15M-26SEP232100-00,ZEC,sell_yes,0.51,0.49,0.6267375195315161,14.673751953151616,0.46,0.51,0,-1,house_mid,book_depth,mid,0,0,100.51,14.430666666666667,1,1513.66,1511.857,0,ui,5.0,13.6738,2.0,True
10,2026-09-24T00:45:46.552Z,2026-09-23 19:45:46.552 CT,1790210746552,KXZEC15M-26SEP232100-00,ZEC,buy_yes,0.44,0.45,0.6275925203571058,16.75925203571058,0.44,0.48,-1,0,house_cover,book_depth,mid,7.000000000000001,0.07,100.07000000000001,14.233266666666667,1,1513.66,1511.857,0,ui,4.0,17.7593,-1.0,False
11,2026-09-24T00:46:06.674Z,2026-09-23 19:46:06.674 CT,1790210766674,KXZEC15M-26SEP232100-00,ZEC,buy_yes,0.52,0.52,0.6290794721308997,9.407947213089962,0.52,0.56,0,1,house_mid,mid_walk,mid,0,0,99.55000000000001,13.899116666666666,1,1513.66,1511.857,,ui,4.0,10.9079,0.0,True
12,2026-09-24T00:46:16.696Z,2026-09-23 19:46:16.696 CT,1790210776696,KXZEC15M-26SEP232100-00,ZEC,sell_yes,0.57,0.56,0.629857332995921,8.485733299592091,0.52,0.57,1,0,house_cover,book_depth,mid,4.999999999999993,0.04999999999999993,100.12,13.7288,1,1513.66,1511.857,0,ui,5.0,6.9857,1.0,False
13,2026-09-24T00:46:21.691Z,2026-09-23 19:46:21.691 CT,1790210781691,KXSOL15M-26SEP232100-00,SOL,sell_yes,0.46,0.46499999999999997,0.48684251172397736,5.184251172397736,0.42,0.46,0,-1,house_mid,taker_cross,mid,0,0,100.46,13.643633333333334,1,115.05,115.0628,,ui,4.0,2.1843,-0.5,True
14,2026-09-24T00:46:35.736Z,2026-09-23 19:46:35.736 CT,1790210795736,KXBNB15M-26SEP232100-00,BNB,sell_yes,0.47,0.475,0.4714067463961537,3.640674639615371,0.42,0.46,0,-1,house_mid,taker_cross,mid,0,0,100.47,13.4124,1,768.13,768.32,,ui,4.0,-0.3593,-0.5,True
15,2026-09-24T00:46:37.748Z,2026-09-23 19:46:37.748 CT,1790210797748,KXZEC15M-26SEP232100-00,ZEC,sell_yes,0.67,0.66,0.6579725494757113,1.2972549475711248,0.63,0.67,0,-1,house_mid,book_depth,mid,0,0,100.79,13.378383333333334,1,1514.04,1511.857,0,ui,4.0,-0.2027,1.0,True
16,2026-09-24T00:47:02.862Z,2026-09-23 19:47:02.862 CT,1790210822862,KXZEC15M-26SEP232100-00,ZEC,buy_yes,0.49,0.5,0.6603851277125017,15.538512771250168,0.49,0.53,-1,0,house_cover,book_depth,mid,18.000000000000004,0.18000000000000005,100.30000000000001,12.959633333333333,1,1514.04,1511.857,0,ui,4.0,16.0385,-1.0,False
17,2026-09-24T00:47:30.041Z,2026-09-23 19:47:30.041 CT,1790210850041,KXZEC15M-26SEP232100-00,ZEC,buy_yes,0.52,0.505,0.5103722045431762,-2.9627795456823813,0.52,0.56,0,1,house_mid,taker_cross,mid,0,0,99.78000000000002,12.506383333333334,1,1512,1511.857,,ui,4.0,0.5372,1.5,True
18,2026-09-24T00:47:53.113Z,2026-09-23 19:47:53.113 CT,1790210873113,KXZEC15M-26SEP232100-00,ZEC,sell_yes,0.52,0.495,0.510556858836867,4.055685883686699,0.45,0.52,1,0,house_cover,book_depth,mid,0,0,100.30000000000001,12.121433333333334,1,1512,1511.857,0,ui,7.0,1.5557,2.5,False
19,2026-09-24T00:48:04.186Z,2026-09-23 19:48:04.186 CT,1790210884186,KXZEC15M-26SEP232100-00,ZEC,buy_yes,0.49,0.49,0.5106460070214194,0.5646007021419375,0.49,0.53,0,1,house_mid,mid_walk,mid,0,0,99.81000000000002,11.941683333333334,1,1512,1511.857,,ui,4.0,2.0646,0.0,True
20,2026-09-24T00:48:11.155Z,2026-09-23 19:48:11.155 CT,1790210891155,KXETH15M-26SEP232100-00,ETH,sell_yes,0.28,0.28500000000000003,0.42016459453996585,16.516459453996585,0.24,0.28,0,-1,house_mid,taker_cross,mid,0,0,100.28,11.8217,1,2683.43,2685.21,,ui,4.0,13.5165,-0.5,True
21,2026-09-24T00:50:12.675Z,2026-09-23 19:50:12.675 CT,1790211012675,KXBTC15M-26SEP232100-00,BTC,buy_yes,0.43,0.425,0.4778361594590736,3.283615945907359,0.43,0.47,0,1,house_mid,taker_cross,mid,0,0,99.57,9.800683333333334,1,84328.54,84342.32,,ui,4.0,5.2836,0.5,True
22,2026-09-24T00:53:36.585Z,2026-09-23 19:53:36.585 CT,1790211216585,KXBNB15M-26SEP232100-00,BNB,buy_yes,0.01,0.0115,0.4359958255288982,41.94958255288982,0.01,0.04,-1,0,house_cover,taker_cross,mid,46,0.45999999999999996,100.46,6.402416666666666,1,768.02,768.32,,ui,3.0,42.4496,-0.15,False
23,2026-09-24T00:56:12.228Z,2026-09-23 19:56:12.228 CT,1790211372228,KXETH15M-26SEP232100-00,ETH,buy_yes,0.01,0.011,0.2643447226394981,24.634472263949807,0.01,0.04,-1,0,flatten,taker_cross,mid,27,0.27,100.27,3.8087,1,2682.03,2685.21,,ui,3.0,25.3345,-0.1,False
24,2026-09-24T00:58:00.694Z,2026-09-23 19:58:00.694 CT,1790211480694,KXSOL15M-26SEP232100-00,SOL,buy_yes,0.75,0.745,0.8416270636968024,10.16270636968024,0.75,0.76,-1,0,flatten,taker_cross,mid,-28.999999999999996,-0.29,99.71,1.9934,1,115.22,115.0628,,ui,1.0,9.6627,0.5,False
25,2026-09-24T00:58:02.646Z,2026-09-23 19:58:02.646 CT,1790211482646,KXBTC15M-26SEP232100-00,BTC,sell_yes,0.034,0.037000000000000005,0.3881993675460719,35.019936754607194,0.01,0.03,1,0,flatten,taker_cross,mid,-39.6,-0.396,99.604,1.96775,1,84309.97,84342.32,,ui,2.0,35.1199,-0.3,False
26,2026-09-24T00:58:05.652Z,2026-09-23 19:58:05.652 CT,1790211485652,KXZEC15M-26SEP232100-00,ZEC,sell_yes,0.01,0.007,0.260118848226073,25.3118848226073,0.01,0.01,1,0,flatten,book_depth,mid,-48,-0.48,99.82000000000002,1.91645,1,1510.56,1511.857,0,ui,0.0,25.3119,0.3,False
27,2026-09-24T01:00:22.341Z,2026-09-23 20:00:22.341 CT,1790211622341,KXHYPE15M-26SEP232115-15,HYPE,sell_yes,0.44,0.445,0.35061280943591594,-5.938719056408409,0.39,0.43,0,-1,house_mid,taker_cross,mid,0,0,100.44,14.638983333333334,1,93.76,93.8923,,ui,4.0,-9.4387,-0.5,True
28,2026-09-24T01:00:36.324Z,2026-09-23 20:00:36.324 CT,1790211636324,KXDOGE15M-26SEP232115-15,DOGE,buy_yes,0.54,0.53,0.3396179419751524,-21.538205802484768,0.54,0.58,0,1,house_mid,taker_cross,mid,0,0,99.46,14.399266666666668,1,0.09278,0.09292,,ui,4.0,-19.0382,1.0,True
29,2026-09-24T01:00:36.326Z,2026-09-23 20:00:36.326 CT,1790211636326,KXBTC15M-26SEP232115-15,BTC,buy_yes,0.5,0.5,0.5167685830071054,0.1768583007105362,0.5,0.54,0,1,house_mid,mid_walk,mid,0,0,99.5,14.399266666666668,1,84324.53,84310.98,,ui,4.0,1.6769,0.0,True
30,2026-09-24T01:01:16.469Z,2026-09-23 20:01:16.469 CT,1790211676469,KXNEAR15M-26SEP232115-15,NEAR,buy_yes,0.55,0.545,0.4320565009387454,-15.294349906125454,0.56,0.61,0,1,house_mid,taker_cross,mid,0,0,99.45,13.7322,1,4.291,4.2936,,ui,5.0,-11.2943,0.5,True
31,2026-09-24T01:01:31.621Z,2026-09-23 20:01:31.621 CT,1790211691621,KXNEAR15M-26SEP232115-15,NEAR,sell_yes,0.55,0.535,0.4314544307781201,-8.854556922187989,0.5,0.55,1,0,house_cover,book_depth,mid,0,0,100,13.484583333333333,1,4.291,4.2936,0,ui,5.0,-10.3546,1.5,False
32,2026-09-24T01:02:04.678Z,2026-09-23 20:02:04.678 CT,1790211724678,KXXRP15M-26SEP232115-15,XRP,sell_yes,0.62,0.625,0.6697786744825385,7.47786744825385,0.57,0.62,0,-1,house_mid,taker_cross,mid,0,0,100.62,12.928433333333333,1,1.5038,1.5015,,ui,5.0,4.4779,-0.5,True
33,2026-09-24T01:04:34.312Z,2026-09-23 20:04:34.312 CT,1790211874312,KXNEAR15M-26SEP232115-15,NEAR,sell_yes,0.23,0.22999999999999998,0.015979399780864132,-19.402060021913588,0.19,0.23,0,-1,house_mid,mid_walk,mid,0,0,100.23,10.436483333333333,1,4.265,4.2936,,ui,4.0,-21.4021,0.0,True
34,2026-09-24T01:05:03.504Z,2026-09-23 20:05:03.504 CT,1790211903504,KXNEAR15M-26SEP232115-15,NEAR,buy_yes,0.2,0.20500000000000002,0.020541709313687945,-19.445829068631205,0.2,0.24,-1,0,house_cover,book_depth,mid,3,0.03,100.03,9.9499,1,4.267,4.2936,0,ui,4.0,-18.4458,-0.5,False
