idx,iso_utc,iso_ct,t,ticker,asset,side,price,mid,fairValue,edgeCents,yesBid,yesAsk,inventoryBefore,inventory,scenarioId,reason,centerMode,captureCents,realizedDelta,cashAfter,minutesLeft,fillSize,spot,strike,queueAhead,source,spread,fv_vs_mid_cents,price_vs_mid_cents
1,2026-09-23T23:26:54.323Z,2026-09-23 18:26:54.323 CT,1790206014323,KXZEC15M-26SEP231930-30,ZEC,buy_yes,0.72,0.72,0.5595702638086966,-17.542973619130343,0.72,0.76,0,1,house_mid,mid_walk,mid,0,0,99.28,3.1034,1,1497.04,1496.6553,,ui,4.0000000000000036,-16.04297361913034,0.0
2,2026-09-23T23:26:56.324Z,2026-09-23 18:26:56.324 CT,1790206016324,KXHYPE15M-26SEP231930-30,HYPE,sell_yes,0.14,0.15500000000000003,0.7583738506921474,64.53738506921474,0.09,0.14,0,-1,house_mid,taker_cross,mid,0,0,100.14,3.069366666666667,1,94.07,93.9581,,ui,5.000000000000002,60.33738506921473,-1.5000000000000013
3,2026-09-23T23:28:00.746Z,2026-09-23 18:28:00.746 CT,1790206080746,KXZEC15M-26SEP231930-30,ZEC,sell_yes,0.98,0.9835,0.99,1.100000000000001,0.96,0.98,1,0,flatten,mid_walk,mid,26,0.26,100.26,1.9977,1,1502.46,1496.6553,,ui,2.0000000000000018,0.649999999999995,-0.35000000000000586
4,2026-09-23T23:28:00.750Z,2026-09-23 18:28:00.750 CT,1790206080750,KXHYPE15M-26SEP231930-30,HYPE,buy_yes,0.56,0.555,0.8083380230595252,25.333802305952513,0.56,0.58,-1,0,flatten,taker_cross,mid,-42.00000000000001,-0.42000000000000004,99.58,1.9977,1,94.07,93.9581,,ui,1.9999999999999907,25.333802305952513,0.5000000000000004
5,2026-09-23T23:30:16.191Z,2026-09-23 18:30:16.191 CT,1790206216191,KXZEC15M-26SEP231945-45,ZEC,sell_yes,0.53,0.515,0.5245399236075134,1.9539923607513443,0.49,0.53,0,-1,house_mid,book_depth,mid,0,0,100.79,14.7382,1,1500.55,1500.1975,0,ui,4.0000000000000036,0.9539923607513434,1.5000000000000013
6,2026-09-23T23:30:32.262Z,2026-09-23 18:30:32.262 CT,1790206232262,KXNEAR15M-26SEP231945-45,NEAR,buy_yes,0.45,0.445,0.6495951596887739,17.959515968877394,0.45,0.49,0,1,house_mid,taker_cross,mid,0,0,99.55,14.473233333333333,1,4.306,4.2999,,ui,3.9999999999999982,20.45951596887739,0.5000000000000004
7,2026-09-23T23:31:03.482Z,2026-09-23 18:31:03.482 CT,1790206263482,KXXRP15M-26SEP231945-45,XRP,sell_yes,0.39,0.395,0.5140091432567677,14.900914325676773,0.35,0.39,0,-1,house_mid,taker_cross,mid,0,0,100.39,13.951166666666667,1,1.5015,1.5013,,ui,4.0000000000000036,11.90091432567677,-0.5000000000000004
8,2026-09-23T23:31:15.445Z,2026-09-23 18:31:15.445 CT,1790206275445,KXNEAR15M-26SEP231945-45,NEAR,sell_yes,0.47,0.44999999999999996,0.6532934226309499,21.32934226309499,0.42,0.47,1,0,house_cover,book_depth,mid,1.9999999999999962,0.019999999999999962,100.02,13.754833333333334,1,4.306,4.2999,0,ui,4.999999999999999,20.329342263094997,2.0000000000000018
9,2026-09-23T23:31:28.520Z,2026-09-23 18:31:28.520 CT,1790206288520,KXDOGE15M-26SEP231945-45,DOGE,buy_yes,0.48,0.48,0.4786741655740341,-2.1325834425965917,0.48,0.52,0,1,house_mid,mid_walk,mid,0,0,99.52,13.532116666666667,1,0.09259,0.092607,,ui,4.0000000000000036,-0.13258344259658994,0.0
10,2026-09-23T23:41:31.615Z,2026-09-23 18:41:31.615 CT,1790206891615,KXXRP15M-26SEP231945-45,XRP,buy_yes,0.01,0.011,0.5153713119057921,29.037131190579213,0.01,0.25,-1,0,house_cover,taker_cross,mid,38,0.38,100.38,11.788183333333333,1,1.5015,1.5013,,ui,24.0,50.43713119057921,-0.09999999999999992
11,2026-09-23T23:41:31.619Z,2026-09-23 18:41:31.619 CT,1790206891619,KXZEC15M-26SEP231945-45,ZEC,buy_yes,0.01,0.008,0.23141163189382538,-9.858836810617463,0.01,0.35,-1,0,house_cover,taker_cross,mid,52,0.52,100.78,11.788183333333333,1,1496.56,1500.1975,,ui,34.0,22.341163189382538,0.2
12,2026-09-23T23:45:28.442Z,2026-09-23 18:45:28.442 CT,1790207128442,KXDOGE15M-26SEP232000-00,DOGE,sell_yes,0.001,0.001,,,0.66,0.7,,0,house_mid,settlement,mid,,,99.521,14.5341,1,,0.092464,,ui,3.9999999999999925,,0.0
13,2026-09-23T23:47:44.783Z,2026-09-23 18:47:44.783 CT,1790207264783,KXDOGE15M-26SEP232000-00,DOGE,sell_yes,0.79,0.8,0.6971485608790464,-5.285143912095358,0.73,0.77,0,-1,house_mid,taker_cross,mid,0,0,100.311,12.872866666666667,1,0.09263,0.092464,,ui,4.0000000000000036,-10.285143912095362,-1.0000000000000009
14,2026-09-23T23:48:43.401Z,2026-09-23 18:48:43.401 CT,1790207323401,KXZEC15M-26SEP232000-00,ZEC,buy_yes,0.76,0.755,0.8275308015531081,5.2530801553108075,0.76,0.8,0,1,house_mid,taker_cross,mid,0,0,100.02,11.87605,1,1498.44,1493.72,,ui,4.0000000000000036,7.253080155310809,0.5000000000000004
15,2026-09-23T23:49:12.530Z,2026-09-23 18:49:12.530 CT,1790207352530,KXDOGE15M-26SEP232000-00,DOGE,buy_yes,0.71,0.725,0.7135775614516588,-1.142243854834113,0.71,0.75,-1,0,house_cover,book_depth,mid,8.000000000000007,0.08000000000000007,99.60100000000001,10.8008,1,0.09263,0.092464,0,ui,4.0000000000000036,-1.142243854834113,-1.5000000000000013
16,2026-09-23T23:49:12.531Z,2026-09-23 18:49:12.531 CT,1790207352531,KXXRP15M-26SEP232000-00,XRP,buy_yes,0.82,0.815,0.662461900857889,-17.253809914211093,0.82,0.86,0,1,house_mid,taker_cross,mid,0,0,99.56,10.8008,1,1.4994,1.4974,,ui,4.0000000000000036,-15.253809914211091,0.5000000000000004
17,2026-09-23T23:49:12.532Z,2026-09-23 18:49:12.532 CT,1790207352532,KXNEAR15M-26SEP232000-00,NEAR,sell_yes,0.79,0.77,0.8774124178481426,11.24124178481426,0.75,0.79,0,-1,house_mid,book_depth,mid,0,0,100.81,10.8008,1,4.288,4.2722,0,ui,4.0000000000000036,10.74124178481426,2.0000000000000018
18,2026-09-23T23:50:19.757Z,2026-09-23 18:50:19.757 CT,1790207419757,KXZEC15M-26SEP232000-00,ZEC,sell_yes,0.92,0.905,0.8529076109094242,-4.709238909057579,0.88,0.92,1,0,house_cover,book_depth,mid,16.000000000000004,0.16000000000000003,100.94,9.681666666666667,1,1498.44,1493.72,0,ui,4.0000000000000036,-5.209238909057579,1.5000000000000013
19,2026-09-23T23:50:28.775Z,2026-09-23 18:50:28.775 CT,1790207428775,KXZEC15M-26SEP232000-00,ZEC,buy_yes,0.9,0.895,0.8548492971460692,-6.015070285393087,0.9,0.94,0,1,house_mid,mid_walk,mid,0,0,100.03999999999999,9.527533333333333,1,1498.44,1493.72,,ui,3.9999999999999925,-4.015070285393085,0.5000000000000004
20,2026-09-23T23:50:32.822Z,2026-09-23 18:50:32.822 CT,1790207432822,KXNEAR15M-26SEP232000-00,NEAR,buy_yes,0.78,0.8,0.8928886929843987,8.28886929843986,0.78,0.83,-1,0,house_cover,book_depth,mid,1.0000000000000009,0.010000000000000009,100.03,9.45925,1,4.288,4.2722,0,ui,4.999999999999993,9.288869298439861,-2.0000000000000018
21,2026-09-23T23:51:35.481Z,2026-09-23 18:51:35.481 CT,1790207495481,KXNEAR15M-26SEP232000-00,NEAR,sell_yes,0.86,0.84,0.905569680475266,6.556968047526601,0.82,0.86,0,-1,house_mid,book_depth,mid,0,0,100.89,8.419983333333333,1,4.288,4.2722,0,ui,4.0000000000000036,6.556968047526601,2.0000000000000018
22,2026-09-23T23:51:40.552Z,2026-09-23 18:51:40.552 CT,1790207500552,KXNEAR15M-26SEP232000-00,NEAR,buy_yes,0.82,0.835,0.9071442063011887,5.714420630118877,0.82,0.87,-1,0,house_cover,book_depth,mid,4.0000000000000036,0.040000000000000036,100.07000000000001,8.334616666666667,1,4.288,4.2722,0,ui,5.000000000000004,7.2144206301188785,-1.5000000000000013
23,2026-09-23T23:52:55.461Z,2026-09-23 18:52:55.461 CT,1790207575461,KXHYPE15M-26SEP232000-00,HYPE,sell_yes,0.58,0.585,0.7451208826243051,20.012088262430506,0.53,0.57,0,-1,house_mid,taker_cross,mid,0,0,100.16,7.09435,1,94.07,93.9104,,ui,3.9999999999999925,16.012088262430513,-0.5000000000000004
24,2026-09-23T23:53:31.300Z,2026-09-23 18:53:31.300 CT,1790207611300,KXZEC15M-26SEP232000-00,ZEC,sell_yes,0.91,0.895,0.9091497094670874,1.414970946708738,0.87,0.91,1,0,house_cover,book_depth,mid,1.0000000000000009,0.010000000000000009,100.94999999999999,6.495433333333334,1,1498.64,1493.72,0,ui,4.0000000000000036,1.414970946708738,1.5000000000000013
25,2026-09-23T23:56:37.742Z,2026-09-23 18:56:37.742 CT,1790207797742,KXZEC15M-26SEP232000-00,ZEC,buy_yes,0.93,0.9475,0.99,4.049999999999998,0.93,0.97,0,1,house_mid,book_depth,mid,0,0,100.01999999999998,3.3749166666666666,1,1501.8,1493.72,0,ui,3.9999999999999925,4.249999999999998,-1.749999999999996
26,2026-09-23T23:57:09.104Z,2026-09-23 18:57:09.104 CT,1790207829104,KXXRP15M-26SEP232000-00,XRP,sell_yes,0.99,0.989,0.9529128723491771,-3.608712765082289,0.97,0.99,1,0,house_cover,book_depth,mid,17.000000000000004,0.17000000000000004,100.55,2.8618166666666665,1,1.5015,1.4974,0,ui,2.0000000000000018,-3.608712765082289,0.10000000000000009
27,2026-09-23T23:57:26.991Z,2026-09-23 18:57:26.991 CT,1790207846991,KXZEC15M-26SEP232000-00,ZEC,sell_yes,0.99,0.9884999999999999,0.99,0.15000000000000568,0.97,0.99,1,0,house_cover,book_depth,mid,5.999999999999995,0.05999999999999994,101.00999999999998,2.56225,1,1501.8,1493.72,0,ui,2.0000000000000018,0.15000000000000568,0.15000000000000568
28,2026-09-23T23:58:01.115Z,2026-09-23 18:58:01.115 CT,1790207881115,KXHYPE15M-26SEP232000-00,HYPE,buy_yes,0.75,0.74,0.8937239133590462,10.872391335904618,0.75,0.81,-1,0,flatten,taker_cross,mid,-17.000000000000004,-0.17000000000000004,99.41,1.9895,1,94.07,93.9104,,ui,6.000000000000005,15.372391335904624,1.0000000000000009
29,2026-09-24T00:00:43.123Z,2026-09-23 19:00:43.123 CT,1790208043123,KXBNB15M-26SEP232015-15,BNB,sell_yes,0.47,0.48,0.5234605133448622,7.84605133448622,0.43,0.47,0,-1,house_mid,taker_cross,mid,0,0,100.47,14.292733333333333,1,767.56,767.39,,ui,3.9999999999999982,4.346051334486223,-1.0000000000000009
30,2026-09-24T00:01:04.231Z,2026-09-23 19:01:04.231 CT,1790208064231,KXETH15M-26SEP232015-15,ETH,buy_yes,0.67,0.665,0.6020120894668755,-10.298791053312451,0.69,0.73,0,1,house_mid,taker_cross,mid,0,0,99.33,13.94135,1,2686.92,2684.4,,ui,4.0000000000000036,-6.298791053312458,0.5000000000000004
31,2026-09-24T00:01:31.355Z,2026-09-23 19:01:31.355 CT,1790208091355,KXHYPE15M-26SEP232015-15,HYPE,sell_yes,0.63,0.63,0.5872700343016041,-1.772996569839591,0.59,0.63,0,-1,house_mid,mid_walk,mid,0,0,100.03999999999999,13.488133333333334,1,94.07,93.9959,,ui,4.0000000000000036,-4.272996569839593,0.0
32,2026-09-24T00:02:02.447Z,2026-09-23 19:02:02.447 CT,1790208122447,KXHYPE15M-26SEP232015-15,HYPE,buy_yes,0.62,0.625,0.5890055260535039,-5.599447394649615,0.62,0.67,-1,0,house_cover,book_depth,mid,1.0000000000000009,0.010000000000000009,99.41999999999999,12.966783333333334,1,94.07,93.9959,0,ui,5.000000000000004,-3.599447394649613,-0.5000000000000004
33,2026-09-24T00:03:06.786Z,2026-09-23 19:03:06.786 CT,1790208186786,KXDOGE15M-26SEP232015-15,DOGE,sell_yes,0.57,0.575,0.5572758977700426,1.2275897770042565,0.53,0.57,0,-1,house_mid,mid_walk,mid,0,0,100.171,11.898016666666667,1,0.09277,0.092725,,ui,3.9999999999999925,-1.772410222995735,-0.5000000000000004
34,2026-09-24T00:03:07.750Z,2026-09-23 19:03:07.750 CT,1790208187750,KXBTC15M-26SEP232015-15,BTC,sell_yes,0.74,0.745,0.5949602334427324,-12.003976655726756,0.7,0.74,0,-1,house_mid,taker_cross,mid,0,0,100.74,11.8809,1,84449,84380.99,,ui,4.0000000000000036,-15.003976655726758,-0.5000000000000004
35,2026-09-24T00:10:15.649Z,2026-09-23 19:10:15.649 CT,1790208615649,KXHYPE15M-26SEP232015-15,HYPE,buy_yes,0.84,0.84,0.99,13.5,0.84,0.88,0,1,house_mid,mid_walk,mid,0,0,98.57999999999998,4.747816666666667,1,94.46,93.9959,,ui,4.0000000000000036,15.000000000000002,0.0
36,2026-09-24T00:11:44.923Z,2026-09-23 19:11:44.923 CT,1790208704923,KXBNB15M-26SEP232015-15,BNB,buy_yes,0.01,0.0125,0.5679208599929986,55.14208599929986,0.01,0.04,-1,0,house_cover,book_depth,mid,46,0.45999999999999996,100.46,3.2600333333333333,1,767.62,767.39,0,ui,3.0,55.542085999299864,-0.25000000000000006
37,2026-09-24T00:13:01.350Z,2026-09-23 19:13:01.350 CT,1790208781350,KXBTC15M-26SEP232015-15,BTC,buy_yes,0.05,0.0505,0.3922970692197006,34.17970692197006,0.05,0.07,-1,0,flatten,taker_cross,mid,69,0.69,100.69,1.98485,1,84349.71,84380.99,,ui,2.0000000000000004,34.17970692197006,-0.050000000000000044
38,2026-09-24T00:13:01.352Z,2026-09-23 19:13:01.352 CT,1790208781352,KXETH15M-26SEP232015-15,ETH,sell_yes,0.32,0.325,0.5368323138018458,19.183231380184584,0.31,0.32,1,0,flatten,taker_cross,mid,-35,-0.35000000000000003,99.64999999999999,1.98485,1,2684.74,2684.4,,ui,1.0000000000000009,21.18323138018458,-0.5000000000000004
39,2026-09-24T00:13:01.353Z,2026-09-23 19:13:01.353 CT,1790208781353,KXHYPE15M-26SEP232015-15,HYPE,sell_yes,0.42,0.425,0.5125232154675423,9.252321546754228,0.4,0.42,1,0,flatten,taker_cross,mid,-42,-0.42,98.99999999999999,1.98485,1,94,93.9959,,ui,1.9999999999999962,8.752321546754233,-0.5000000000000004
40,2026-09-24T00:13:01.355Z,2026-09-23 19:13:01.355 CT,1790208781355,KXDOGE15M-26SEP232015-15,DOGE,buy_yes,0.08,0.07300000000000001,0.08228221667680273,1.1782216676802724,0.08,0.09,-1,0,flatten,taker_cross,mid,48.99999999999999,0.48999999999999994,100.09100000000001,1.98485,1,0.09255,0.092725,,ui,0.9999999999999996,0.9282216676802721,0.6999999999999993
41,2026-09-24T00:15:09.707Z,2026-09-23 19:15:09.707 CT,1790208909707,KXBTC15M-26SEP232030-30,BTC,sell_yes,0.63,0.635,0.5159675918206938,-8.903240817930612,0.59,0.63,0,-1,house_mid,taker_cross,mid,0,0,100.63,14.844866666666666,1,84358.48,84345.33,,ui,4.0000000000000036,-11.903240817930616,-0.5000000000000004
42,2026-09-24T00:15:18.792Z,2026-09-23 19:15:18.792 CT,1790208918792,KXNEAR15M-26SEP232030-30,NEAR,buy_yes,0.57,0.56,0.8042546913252333,20.925469132523332,0.57,0.62,0,1,house_mid,mid_walk,mid,0,0,99.43,14.6913,1,4.319,4.3053,,ui,5.000000000000004,24.425469132523325,0.9999999999999898
43,2026-09-24T00:16:57.297Z,2026-09-23 19:16:57.297 CT,1790209017297,KXETH15M-26SEP232030-30,ETH,sell_yes,0.76,0.765,0.6401909155799563,-9.480908442004365,0.72,0.76,0,-1,house_mid,taker_cross,mid,0,0,100.76,13.057016666666666,1,2688.34,2684.96,,ui,4.0000000000000036,-12.480908442004369,-0.5000000000000004
44,2026-09-24T00:17:11.380Z,2026-09-23 19:17:11.380 CT,1790209031380,KXNEAR15M-26SEP232030-30,NEAR,sell_yes,0.57,0.5449999999999999,0.9171677662001264,37.216776620012645,0.52,0.57,1,0,house_cover,book_depth,mid,0,0,100,12.81825,1,4.326,4.3053,0,ui,4.999999999999993,37.216776620012645,2.500000000000002
45,2026-09-24T00:17:26.344Z,2026-09-23 19:17:26.344 CT,1790209046344,KXSOL15M-26SEP232030-30,SOL,buy_yes,0.8,0.795,0.6867659986938145,-12.823400130618545,0.8,0.84,0,1,house_mid,taker_cross,mid,0,0,99.2,12.569933333333333,1,115.27,115.0775,,ui,3.9999999999999925,-10.823400130618555,0.5000000000000004
46,2026-09-24T00:17:40.409Z,2026-09-23 19:17:40.409 CT,1790209060409,KXNEAR15M-26SEP232030-30,NEAR,sell_yes,0.61,0.585,0.9212399375082848,33.62399375082848,0.56,0.61,0,-1,house_mid,book_depth,mid,0,0,100.61,12.330983333333334,1,4.326,4.3053,0,ui,4.999999999999993,33.62399375082848,2.500000000000002
47,2026-09-24T00:18:00.494Z,2026-09-23 19:18:00.494 CT,1790209080494,KXDOGE15M-26SEP232030-30,DOGE,buy_yes,0.83,0.83,0.8124430219309826,-3.255697806901736,0.83,0.87,0,1,house_mid,mid_walk,mid,0,0,99.17,11.997933333333334,1,0.09304,0.092764,,ui,4.0000000000000036,-1.7556978069017348,0.0
48,2026-09-24T00:26:12.568Z,2026-09-23 19:26:12.568 CT,1790209572568,KXDOGE15M-26SEP232030-30,DOGE,sell_yes,0.99,0.989,0.9546590746121221,-3.3840925387877863,0.97,0.99,1,0,house_cover,book_depth,mid,16.000000000000004,0.16000000000000003,100.16,3.8019833333333333,1,0.09306,0.092764,0,ui,2.0000000000000018,-3.434092538787792,0.10000000000000009
49,2026-09-24T00:27:01.776Z,2026-09-23 19:27:01.776 CT,1790209621776,KXNEAR15M-26SEP232030-30,NEAR,buy_yes,0.09,0.109,0.99,87.75,0.09,0.14,-1,0,house_cover,book_depth,mid,52,0.52,100.52,2.97925,1,4.326,4.3053,0,ui,5.000000000000002,88.1,-1.9000000000000004
50,2026-09-24T00:27:17.885Z,2026-09-23 19:27:17.885 CT,1790209637885,KXSOL15M-26SEP232030-30,SOL,sell_yes,0.99,0.986,0.9158430591007092,-6.9656940899290865,0.96,0.99,1,0,house_cover,book_depth,mid,18.999999999999993,0.18999999999999995,100.19,2.713766666666667,1,115.33,115.0775,0,ui,3.0000000000000027,-7.015694089929081,0.40000000000000036
51,2026-09-24T00:27:56.990Z,2026-09-23 19:27:56.990 CT,1790209676990,KXETH15M-26SEP232030-30,ETH,buy_yes,0,0.986,0.799115495696973,-18.988450430302695,0.97,0.99,-1,0,house_cover,taker_cross,mid,76,0.76,100.76,2.0558833333333335,1,2688.08,2684.96,,ui,2.0000000000000018,-18.688450430302694,-98.6
52,2026-09-24T00:28:00.992Z,2026-09-23 19:28:00.992 CT,1790209680992,KXBTC15M-26SEP232030-30,BTC,buy_yes,0.8,0.795,0.6364335022726524,-14.856649772734764,0.8,0.81,-1,0,flatten,taker_cross,mid,-17.000000000000004,-0.17000000000000004,99.83,1.9957666666666667,1,84385.55,84345.33,,ui,1.0000000000000009,-15.856649772734766,0.5000000000000004
